second_level_domain,top_level_domain,ip_address,status,timestamp
an5,com,99.83.161.153,166.117.110.61,Active,2025-09-26 12:23:47
an4,com,3.33.251.168,15.197.225.128,Active,2025-09-26 12:23:47
anx,com,184.168.47.225,Active,2025-09-26 12:23:47
an8,com,199.59.243.228,Active,2025-09-26 12:23:47
aob,com,165.160.13.20,165.160.15.20,Active,2025-09-26 12:23:47
aoa,com,213.176.54.169,213.176.57.19,Active,2025-09-26 12:23:47
aoe,com,3.166.65.116,3.166.65.127,3.166.65.122,3.166.65.80,Active,2025-09-26 12:23:48
aod,com,70.32.66.129,Active,2025-09-26 12:23:48
aof,com,23.227.38.65,Active,2025-09-26 12:23:48
aog,com,35.212.37.50,Active,2025-09-26 12:23:48
aoh,com,108.179.223.235,Active,2025-09-26 12:23:48
aol,com,13.248.158.7,76.223.84.192,Active,2025-09-26 12:23:48
aok,com,15.197.225.128,3.33.251.168,Active,2025-09-26 12:23:48
aon,com,165.125.80.231,135.18.222.175,Active,2025-09-26 12:23:48
aoj,com,86.105.245.69,Active,2025-09-26 12:23:48
aom,com,8.138.136.148,Active,2025-09-26 12:23:49
aoo,com,54.215.31.113,Active,2025-09-26 12:23:49
aot,com,165.160.13.20,165.160.15.20,Active,2025-09-26 12:23:49
aos,com,54.65.135.77,54.64.189.82,Active,2025-09-26 12:23:49
aor,com,66.96.149.32,Active,2025-09-26 12:23:49
aox,com,5.9.98.53,Active,2025-09-26 12:23:50
aov,com,75.119.207.238,Active,2025-09-26 12:23:50
alo,com,172.66.152.204,104.20.38.241,Active,2025-09-26 12:23:50
aow,com,108.61.73.182,149.28.227.54,Active,2025-09-26 12:23:50
aoz,com,194.1.147.13,194.1.147.7,Active,2025-09-26 12:23:50
ams,com,194.97.137.243,Active,2025-09-26 12:23:50
ao4,com,3.33.251.168,15.197.225.128,Active,2025-09-26 12:23:51
ao1,com,69.156.240.29,Active,2025-09-26 12:23:51
ao0,com,208.98.40.209,Active,2025-09-26 12:23:51
ao2,com,154.48.226.137,Active,2025-09-26 12:23:51
ao8,com,185.53.177.31,Active,2025-09-26 12:23:51
apa,com,96.45.82.159,96.45.83.81,96.45.83.195,96.45.82.70,Active,2025-09-26 12:23:51
apb,com,104.250.42.19,Active,2025-09-26 12:23:51
apd,com,151.101.194.159,Active,2025-09-26 12:23:51
apc,com,34.227.236.7,34.228.90.172,Active,2025-09-26 12:23:51
ao9,com,208.98.40.208,Active,2025-09-26 12:23:52
apg,com,3.33.130.190,15.197.148.33,Active,2025-09-26 12:23:52
aph,com,85.13.246.164,Active,2025-09-26 12:23:52
apj,com,99.83.161.153,166.117.110.61,Active,2025-09-26 12:23:52
apf,com,141.193.213.20,Active,2025-09-26 12:23:52
apl,com,104.18.23.228,Active,2025-09-26 12:23:52
apm,com,3.165.102.57,3.165.102.89,3.165.102.29,3.165.102.6,Active,2025-09-26 12:23:52
ape,com,67.227.174.186,Active,2025-09-26 12:23:52
apr,com,99.83.161.153,166.117.110.61,Active,2025-09-26 12:23:52
apq,com,24.37.225.166,Active,2025-09-26 12:23:52
aps,com,45.60.0.218,Active,2025-09-26 12:23:53
app,com,151.101.158.62,Active,2025-09-26 12:23:53
apv,com,40.71.11.135,Active,2025-09-26 12:23:54
apx,com,130.211.141.5,Active,2025-09-26 12:23:54
apw,com,54.215.31.113,Active,2025-09-26 12:23:54
apy,com,34.147.34.115,Active,2025-09-26 12:23:54
ap0,com,217.70.184.38,Active,2025-09-26 12:23:54
ap2,com,52.54.98.13,Active,2025-09-26 12:23:54
apz,com,64.202.116.158,Active,2025-09-26 12:23:55
aoi,com,172.66.171.220,104.20.30.73,Active,2025-09-26 12:23:55
ap4,com,64.91.244.9,Active,2025-09-26 12:23:55
ap5,com,54.176.136.29,Active,2025-09-26 12:23:55
ap7,com,15.197.148.33,3.33.130.190,Active,2025-09-26 12:23:55
aqb,com,3.33.251.168,15.197.225.128,Active,2025-09-26 12:23:55
ap3,com,65.108.205.61,Active,2025-09-26 12:23:55
ap9,com,64.190.63.222,Active,2025-09-26 12:23:55
aop,com,23.227.38.65,Active,2025-09-26 12:23:55
aqc,com,47.243.120.243,Active,2025-09-26 12:23:56
ajf,com,139.162.174.209,139.162.181.76,172.104.149.86,172.104.251.198,Active,2025-09-26 12:23:56
aqe,com,64.190.63.222,Active,2025-09-26 12:23:56
aiy,com,172.104.251.198,139.162.174.209,139.162.181.76,172.104.149.86,Active,2025-09-26 12:23:56
aqd,com,64.190.63.222,Active,2025-09-26 12:23:56
aqa,com,108.178.76.219,Active,2025-09-26 12:23:56
aqh,com,64.190.63.222,Active,2025-09-26 12:23:56
aqi,com,166.117.110.61,99.83.161.153,Active,2025-09-26 12:23:56
aqo,com,54.159.98.68,Active,2025-09-26 12:23:56
aqr,com,131.226.136.35,Active,2025-09-26 12:23:56
aqj,com,208.98.40.25,Active,2025-09-26 12:23:56
aqq,com,69.64.147.244,Active,2025-09-26 12:23:56
aqk,com,103.224.182.238,Active,2025-09-26 12:23:56
aqf,com,86.105.245.69,Active,2025-09-26 12:23:57
aqs,com,166.117.110.61,99.83.161.153,Active,2025-09-26 12:23:57
aqm,com,66.42.36.67,Active,2025-09-26 12:23:57
aqy,com,18.163.127.244,Active,2025-09-26 12:23:57
aqv,com,64.190.63.222,Active,2025-09-26 12:23:57
aq2,com,185.230.63.107,Active,2025-09-26 12:23:57
aqz,com,185.53.177.50,Active,2025-09-26 12:23:57
aqt,com,221.228.76.44,Active,2025-09-26 12:23:57
aq1,com,199.59.243.228,Active,2025-09-26 12:23:57
aq0,com,170.33.12.185,Active,2025-09-26 12:23:57
aqn,com,172.104.251.198,139.162.174.209,172.104.149.86,139.162.181.76,Active,2025-09-26 12:23:57
aq3,com,64.190.63.222,Active,2025-09-26 12:23:57
aq4,com,99.83.161.153,166.117.110.61,Active,2025-09-26 12:23:58
aq6,com,166.117.110.61,99.83.161.153,Active,2025-09-26 12:23:58
ara,com,216.184.7.22,Active,2025-09-26 12:23:58
aq8,com,15.197.225.128,3.33.251.168,Active,2025-09-26 12:23:58
ard,com,173.201.182.15,Active,2025-09-26 12:23:58
are,com,45.60.12.252,45.60.18.252,Active,2025-09-26 12:23:58
arc,com,149.117.73.34,Active,2025-09-26 12:23:58
aq9,com,64.99.64.32,Active,2025-09-26 12:23:58
aq5,com,64.99.64.32,Active,2025-09-26 12:23:58
arg,com,54.215.31.113,Active,2025-09-26 12:23:58
arf,com,3.33.224.147,Active,2025-09-26 12:23:58
arh,com,216.40.34.41,Active,2025-09-26 12:23:59
arn,com,141.193.213.21,141.193.213.20,Active,2025-09-26 12:23:59
